{
    "K_left": [
        [
            524.7139282226562,
            0.0,
            632.4501953125
        ],
        [
            0.0,
            524.7139282226562,
            372.7591857910156
        ],
        [
            0.0,
            0.0,
            1.0
        ]
    ],
    "baseline": 0.11981231689453126
}