{
    "moves": [
        {
            "type": "arm",
            "goal": [
                0.3268,
                -0.1402,
                0.2126,
                0.5,
                0.5,
                0.5,
                0.5
            ],
            "wait_time": 0.0
        }
    ],
    "obstacles": [
        {
            "mass_center": [
                0.72167075575949,
                -0.031033782294925996,
                0.10707878841042637
            ],
            "std": [
                0.021101250823872875,
                0.02352826020381291,
                0.05370890187052073
            ]
        },
        {
            "mass_center": [
                0.783586877341983,
                0.1563815207680137,
                0.10012540955034002
            ],
            "std": [
                0.026068685613648473,
                0.029708798576853438,
                0.05673082940423003
            ]
        },
        {
            "mass_center": [
                0.6581016867150605,
                -0.37406541254405307,
                0.05169009121362855
            ],
            "std": [
                0.06751817985717598,
                0.07336252220765306,
                0.025883977257619
            ]
        }
    ]
}