{
    "K_left": [
        [
            529.34375,
            0.0,
            652.5863037109375
        ],
        [
            0.0,
            529.34375,
            368.6729431152344
        ],
        [
            0.0,
            0.0,
            1.0
        ]
    ],
    "baseline": 0.11991856384277344
}