{
    "K_left": [
        [
            529.35107421875,
            0.0,
            652.588623046875
        ],
        [
            0.0,
            529.35107421875,
            368.672607421875
        ],
        [
            0.0,
            0.0,
            1.0
        ]
    ],
    "baseline": 0.11991856384277344
}