{
    "K_left": [
        [
            524.6724853515625,
            0.0,
            632.4520874023438
        ],
        [
            0.0,
            524.6724853515625,
            372.7637023925781
        ],
        [
            0.0,
            0.0,
            1.0
        ]
    ],
    "baseline": 0.11981231689453126
}