{
    "K_left": [
        [
            529.2758178710938,
            0.0,
            652.5858764648438
        ],
        [
            0.0,
            529.2758178710938,
            368.673095703125
        ],
        [
            0.0,
            0.0,
            1.0
        ]
    ],
    "baseline": 0.11991856384277344
}