{
    "K_left": [
        [
            529.3820190429688,
            0.0,
            652.5846557617188
        ],
        [
            0.0,
            529.3820190429688,
            368.6731262207031
        ],
        [
            0.0,
            0.0,
            1.0
        ]
    ],
    "baseline": 0.11991856384277344
}