{
    "name": "bluecup",
    "max": [
        0.8330255897299417,
        0.39706061714750823,
        0.19387043606417137
    ],
    "min": [
        0.7746650396923918,
        0.3460386876489272,
        0.02997162101196133
    ]
}