{
    "pot": {
        "max": [
            0.20763940904979564,
            0.8722684322915268,
            0.23641730539823072
        ],
        "min": [
            -0.25279730730826394,
            0.5142005813554249,
            -0.049177543107872056
        ]
    },
    "pot_actual_bottom": {
        "max": [
            0.20763940904979564, 
            0.8722684322915268,    
            0.5792173053982307     
        ],
        "min": [
            -0.25279730730826394,   
            0.6932345068234758, 
            0.23641730539823072    
        ]
    },
    "waffle_machine": {
        "max": [
            0.7116523693821937,
            -0.08480266706786455,
            0.23381430176585927
        ],
        "min": [
            0.4089210481698903,
            -0.2701176105306099,
            0.04335537965711278
        ]
    },
    "splatteu": {
        "max": [
            0.30579440851407563,
            1.032104676590586,
            0.17495628388902777
        ],
        "min": [
            0.22777417701560246,
            0.70037035913891,
            0.01896955463899678
        ]
    },
    "funnel": {
        "max": [
            0.9534448779882478,
            0.5067593718845549,
            0.2276409522244929
        ],
        "min": [
            0.8184926451424287,
            0.39387648388621266,
            0.03063070631200454
        ]
    }
}