{
    "blockages":
    [
        [915, 242, 1279, 719],
        [413, 205, 500, 300]
    ],
    "valid_region": [0,0,1279,719],
    "track": ["green cup"],
    "extra_obstacles": {
        "pot": {
            "max": [
                0.06763940904979564,
                1.0722684322915268,
                0.19641730539823072
            ],
            "min": [
                -0.25279730730826394,
                0.7142005813554249,
                -0.049177543107872056
            ]
        },
        "waffle_machine": {
            "max": [
                0.7116523693821937,
                -0.08480266706786455,
                0.23381430176585927
            ],
            "min": [
                0.4089210481698903,
                -0.2701176105306099,
                0.04335537965711278
            ]
        },
        "splatteu": {
            "max": [
                0.30579440851407563,
                1.032104676590586,
                0.17495628388902777
            ],
            "min": [
                0.22777417701560246,
                0.70037035913891,
                0.01896955463899678
            ]
        },
            "funnel": {
            "max": [
                0.9534448779882478,
                0.5067593718845549,
                0.2276409522244929
            ],
            "min": [
                0.8184926451424287,
                0.39387648388621266,
                0.03063070631200454
            ]
        }

    },
    "moves":
    [
        {
            "move_type": "open_grip",
            "args": [
                [ 1.37296326,  0.08553859,  1.05554023,  2.76803983, -1.48792809, 3.09947786]
            ]
        },
        {
            "target_name": "green cup",
            "qualifier": "cup_qualifier",
            "move_type": "grab_and_pour_and_place_back_curobo",
            "args": [
                [0.00839691,  0.75580627,  0.25614688]
            ]
        },
        {
            "move_type": "joints_rad_move_to_curobo",
            "args": [
                [ 1.37296326,  0.08553859,  1.05554023,  2.76803983, -1.48792809, 3.09947786]
            ]
        }
    ]
}