{
  "track": [],
      "extra_obstacles": {
        "pot": {
            "max": [
                0.06763940904979564,
                1.0722684322915268,
                0.19641730539823072
            ],
            "min": [
                -0.25279730730826394,
                0.7142005813554249,
                -0.049177543107872056
            ]
        },
        "waffle_machine": {
            "max": [
                0.7116523693821937,
                -0.08480266706786455,
                0.23381430176585927
            ],
            "min": [
                0.4089210481698903,
                -0.2701176105306099,
                0.04335537965711278
            ]
        },
        "splatteu": {
            "max": [
                0.30579440851407563,
                1.032104676590586,
                0.17495628388902777
            ],
            "min": [
                0.22777417701560246,
                0.70037035913891,
                0.01896955463899678
            ]
        },
        "funnel": {
            "max": [
                0.9534448779882478,
                0.5067593718845549,
                0.2276409522244929
            ],
            "min": [
                0.8184926451424287,
                0.39387648388621266,
                0.03063070631200454
            ]
        }

    },
  "actions": [
    {
      "action": "joints_rad_move_to_curobo",
      "target_name": "placeholder",
      "qualifier": "placeholder",
      "args": [
        [-1.5707963267948966, -0.7485193563028081, 2.082526863479634, 2.02213847136063, -1.5580554232553379, 3.2107076919687687]
      ]
    }
  ]
}
